title,artist,melody,lyric,production,price
Song 1,Artist 171,8.3,6.76,7.98,83924
Song 2,Artist 149,7.78,6.41,7.26,92950
Song 3,Artist 205,8.82,6.63,6.12,98403
Song 4,Artist 221,8.82,9.48,6.86,68751
Song 5,Artist 262,7.9,8.67,5.76,70829
Song 6,Artist 136,6.7,5.99,5.33,101884
Song 7,Artist 164,6.25,9.25,6.78,62043
Song 8,Artist 142,8.47,8.66,7.62,85720
Song 9,Artist 21,8.17,5.8,6.61,117134
Song 10,Artist 168,5.8,8.52,6.61,123659
Song 11,Artist 229,8.01,6.12,8.56,97561
Song 12,Artist 228,6.73,6.78,8.3,72303
Song 13,Artist 223,5.86,5.8,9.8,98088
Song 14,Artist 113,5.95,5.25,6.89,124961
Song 15,Artist 155,7.22,6.53,6.03,90063
Song 16,Artist 276,9.85,7.89,5.11,105078
Song 17,Artist 91,8.99,5.59,8.85,146647
Song 18,Artist 202,9.09,7.83,8.37,76488
Song 19,Artist 105,6.91,5.94,9.64,54731
Song 20,Artist 134,5.97,5.4,8.29,85747
Song 21,Artist 127,9.53,9.32,7.05,119265
Song 22,Artist 86,8.56,7.47,9.58,129010
Song 23,Artist 223,8.02,5.05,9.79,122735
Song 24,Artist 149,7.35,6.72,6.19,67969
Song 25,Artist 147,8.57,7.23,5.06,101105
Song 26,Artist 162,8.85,8.24,8.98,116885
Song 27,Artist 288,8.83,9.22,9.5,96171
Song 28,Artist 241,7.78,7.14,8.39,149454
Song 29,Artist 89,8.11,5.64,7.82,97552
Song 30,Artist 247,8.35,7.6,5.1,128219
Song 31,Artist 215,5.08,5.84,9.36,79769
Song 32,Artist 298,7.03,7.67,8.22,56260
Song 33,Artist 296,6.01,9.52,5.13,70442
Song 34,Artist 212,6.31,8.27,5.57,93672
Song 35,Artist 237,8.24,5.35,8.94,132545
Song 36,Artist 227,9.3,7.67,8.67,60624
Song 37,Artist 186,8.54,7.29,5.51,88638
Song 38,Artist 111,5.44,6.23,5.89,86812
Song 39,Artist 81,5.37,8.46,6.58,147819
Song 40,Artist 139,7.47,6.49,8.8,125585
Song 41,Artist 68,7.9,9.18,9.37,82979
Song 42,Artist 147,9.53,9.97,5.06,149596
Song 43,Artist 29,5.66,9.04,5.35,51371
Song 44,Artist 196,5.4,5.59,8.96,70018
Song 45,Artist 167,5.37,7.66,5.77,113464
Song 46,Artist 4,8.52,5.74,7.99,103658
Song 47,Artist 229,9.3,9.09,9.53,147997
Song 48,Artist 168,9.41,6.88,6.6,51294
Song 49,Artist 33,5.85,7.76,8.39,50521
Song 50,Artist 223,7.62,8.38,8.41,104209
Song 51,Artist 89,8.84,6.8,5.99,60863
Song 52,Artist 70,7.75,9.39,9.37,88576
Song 53,Artist 32,6.11,9.93,9.08,81669
Song 54,Artist 67,6.76,8.42,7.29,117891
Song 55,Artist 148,8.51,9.0,8.05,115589
Song 56,Artist 200,8.1,9.35,6.58,113075
Song 57,Artist 196,9.45,8.14,9.87,69868
Song 58,Artist 143,7.91,5.47,6.71,146803
Song 59,Artist 145,9.74,6.51,8.21,65040
Song 60,Artist 292,6.43,8.95,6.54,104036
Song 61,Artist 47,6.22,7.52,6.22,103576
Song 62,Artist 282,9.0,8.28,8.16,69949
Song 63,Artist 105,6.14,9.91,7.93,107989
Song 64,Artist 123,8.7,7.91,6.74,147720
Song 65,Artist 162,9.08,9.09,6.51,56467
Song 66,Artist 109,8.49,5.45,7.1,147353
Song 67,Artist 130,8.36,7.17,9.51,104337
Song 68,Artist 227,7.97,7.14,6.15,131172
Song 69,Artist 62,7.6,6.7,9.09,121791
Song 70,Artist 148,5.72,5.16,7.93,75510
Song 71,Artist 188,7.41,8.51,5.03,131812
Song 72,Artist 264,9.76,8.34,5.17,63160
Song 73,Artist 156,5.89,8.39,6.93,110320
Song 74,Artist 12,9.0,7.28,9.34,72294
Song 75,Artist 192,8.14,6.53,8.77,108359
Song 76,Artist 88,8.58,5.53,7.64,125330
Song 77,Artist 271,5.93,9.58,8.19,105644
Song 78,Artist 208,5.94,8.65,6.92,129414
Song 79,Artist 96,7.84,7.32,6.46,120943
Song 80,Artist 83,5.56,5.36,5.94,136466
Song 81,Artist 136,7.69,7.9,9.13,82629
Song 82,Artist 83,9.3,8.9,7.67,125225
Song 83,Artist 86,5.61,9.57,6.08,130129
Song 84,Artist 34,5.54,6.78,7.96,54146
Song 85,Artist 121,9.48,9.01,6.84,76074
Song 86,Artist 274,8.34,7.05,8.03,135440
Song 87,Artist 122,9.36,5.39,7.88,148746
Song 88,Artist 85,6.41,9.62,8.15,140299
Song 89,Artist 177,9.99,5.86,8.08,77726
Song 90,Artist 62,9.34,6.82,9.91,86573
Song 91,Artist 195,7.42,5.12,9.2,135620
Song 92,Artist 133,9.56,6.29,9.18,66942
Song 93,Artist 74,8.71,9.42,7.27,140297
Song 94,Artist 90,7.93,9.76,9.88,54417
Song 95,Artist 207,9.03,6.98,7.42,101050
Song 96,Artist 71,8.95,6.64,5.68,78252
Song 97,Artist 93,8.59,5.61,8.33,143195
Song 98,Artist 299,8.11,9.06,6.41,120356
Song 99,Artist 65,7.23,5.89,9.03,101532
Song 100,Artist 12,8.66,5.09,8.17,95481
Song 101,Artist 120,6.81,8.51,5.18,77947
Song 102,Artist 13,6.22,5.99,8.05,58570
Song 103,Artist 153,8.8,9.11,9.68,101613
Song 104,Artist 169,5.84,6.05,8.56,137519
Song 105,Artist 85,8.24,7.62,6.62,56178
Song 106,Artist 202,7.26,5.95,8.14,132478
Song 107,Artist 270,7.51,6.13,9.99,118978
Song 108,Artist 84,8.49,7.29,8.77,106228
Song 109,Artist 23,5.01,6.3,6.69,127848
Song 110,Artist 93,5.63,5.93,8.63,145916
Song 111,Artist 138,5.04,5.97,5.56,100842
Song 112,Artist 143,5.92,9.41,9.04,90434
Song 113,Artist 55,9.28,6.41,5.66,112728
Song 114,Artist 226,9.84,8.28,6.06,73162
Song 115,Artist 217,5.97,9.33,7.16,80361
Song 116,Artist 99,8.02,6.1,9.83,102301
Song 117,Artist 206,7.86,7.1,9.53,140803
Song 118,Artist 227,5.02,5.91,9.09,91356
Song 119,Artist 71,5.6,8.41,9.05,79639
Song 120,Artist 197,6.36,6.81,7.15,56188
Song 121,Artist 35,5.38,5.27,8.2,144134
Song 122,Artist 146,7.52,7.65,9.49,121230
Song 123,Artist 63,7.96,5.59,7.03,100121
Song 124,Artist 33,8.38,9.18,5.56,140991
Song 125,Artist 15,5.23,7.12,9.18,55131
Song 126,Artist 108,6.19,5.56,8.21,63608
Song 127,Artist 139,5.55,6.45,6.28,102700
Song 128,Artist 29,9.31,8.41,6.1,68721
Song 129,Artist 175,6.3,7.07,7.1,71896
Song 130,Artist 225,5.89,6.92,9.56,89749
Song 131,Artist 79,6.05,8.14,6.19,107047
Song 132,Artist 157,7.04,9.81,5.06,93502
Song 133,Artist 15,6.26,5.13,7.46,129651
Song 134,Artist 205,5.77,7.2,5.67,132487
Song 135,Artist 50,7.93,7.17,9.55,104122
Song 136,Artist 187,6.99,6.94,9.35,128575
Song 137,Artist 63,7.41,5.92,6.6,77654
Song 138,Artist 155,8.63,5.71,8.41,138906
Song 139,Artist 184,8.46,9.82,7.87,113432
Song 140,Artist 209,5.71,9.88,7.16,135514
Song 141,Artist 234,5.88,7.2,6.25,101992
Song 142,Artist 2,9.74,7.25,9.98,109868
Song 143,Artist 98,5.7,8.83,5.65,105669
Song 144,Artist 174,7.79,5.89,5.68,91435
Song 145,Artist 145,8.83,7.74,9.55,98123
Song 146,Artist 149,7.96,8.95,7.18,133776
Song 147,Artist 6,5.89,5.89,9.61,88909
Song 148,Artist 141,9.77,5.68,7.76,62151
Song 149,Artist 197,5.44,6.1,7.13,67333
Song 150,Artist 178,6.08,7.5,5.34,144781
Song 151,Artist 191,7.68,6.24,6.88,135936
Song 152,Artist 233,7.55,7.04,6.1,95301
Song 153,Artist 50,6.94,8.12,9.83,63396
Song 154,Artist 205,8.14,6.91,9.57,76079
Song 155,Artist 174,7.75,6.87,5.63,124322
Song 156,Artist 300,8.35,5.96,6.42,71777
Song 157,Artist 2,6.23,5.39,8.52,61586
Song 158,Artist 166,7.07,8.68,7.74,59352
Song 159,Artist 212,5.84,9.58,8.62,147828
Song 160,Artist 157,7.61,8.79,8.52,85422
Song 161,Artist 248,8.15,7.52,6.99,114748
Song 162,Artist 86,6.39,8.53,8.82,95420
Song 163,Artist 111,6.68,6.44,9.5,106069
Song 164,Artist 168,7.72,6.35,5.03,144414
Song 165,Artist 274,8.98,6.16,9.91,123496
Song 166,Artist 243,9.6,7.72,6.1,51153
Song 167,Artist 64,8.59,8.43,9.91,55896
Song 168,Artist 105,6.69,6.84,7.26,87767
Song 169,Artist 220,9.11,7.57,9.37,113591
Song 170,Artist 221,7.69,6.48,5.88,119047
Song 171,Artist 48,9.02,5.05,9.96,131289
Song 172,Artist 91,5.53,5.25,8.84,100630
Song 173,Artist 269,8.61,8.73,6.3,57786
Song 174,Artist 134,7.56,7.54,6.86,140376
Song 175,Artist 183,6.03,7.33,9.94,70701
Song 176,Artist 256,8.59,5.63,9.06,111411
Song 177,Artist 277,9.29,6.3,6.68,67574
Song 178,Artist 268,5.06,8.02,5.33,66834
Song 179,Artist 90,5.82,5.64,9.62,81696
Song 180,Artist 141,5.91,6.85,8.68,123758
Song 181,Artist 170,8.51,9.94,5.8,76588
Song 182,Artist 150,6.32,6.9,5.17,97156
Song 183,Artist 25,9.69,8.53,8.8,119348
Song 184,Artist 46,6.59,5.92,7.16,70843
Song 185,Artist 98,9.85,8.24,7.34,62013
Song 186,Artist 157,9.73,6.56,5.32,116458
Song 187,Artist 153,5.15,7.53,9.55,71264
Song 188,Artist 147,8.54,5.71,6.12,102777
Song 189,Artist 177,6.62,5.99,7.47,90460
Song 190,Artist 60,7.26,5.25,7.59,122610
Song 191,Artist 261,7.33,8.99,6.36,111712
Song 192,Artist 253,9.21,7.32,8.06,101275
Song 193,Artist 71,6.78,8.96,8.81,141730
Song 194,Artist 84,9.82,9.96,8.25,64528
Song 195,Artist 203,6.79,9.43,8.52,116675
Song 196,Artist 166,9.7,5.9,7.37,98498
Song 197,Artist 124,9.45,5.46,7.92,107569
Song 198,Artist 63,6.44,8.38,5.83,125635
Song 199,Artist 288,6.66,8.11,8.67,81018
Song 200,Artist 108,5.33,7.85,6.51,110618
Song 201,Artist 166,5.08,7.4,5.42,141087
Song 202,Artist 54,5.82,6.45,6.82,111883
Song 203,Artist 162,9.98,8.05,8.65,125480
Song 204,Artist 49,9.51,5.87,7.75,54259
Song 205,Artist 89,6.92,9.45,6.58,60234
Song 206,Artist 26,9.94,5.23,5.69,87608
Song 207,Artist 88,6.99,5.48,5.81,74083
Song 208,Artist 139,5.58,7.03,8.86,147104
Song 209,Artist 266,8.44,7.47,7.42,59345
Song 210,Artist 42,6.06,8.25,9.11,124055
Song 211,Artist 241,6.96,9.83,7.9,119899
Song 212,Artist 91,9.56,5.15,8.3,99727
Song 213,Artist 76,7.65,7.69,5.18,56737
Song 214,Artist 252,6.67,5.5,6.54,125984
Song 215,Artist 24,7.66,5.74,9.05,64226
Song 216,Artist 88,7.75,9.38,7.92,69066
Song 217,Artist 30,9.72,5.44,6.68,118388
Song 218,Artist 113,6.34,9.62,6.24,125647
Song 219,Artist 187,5.0,9.89,5.57,145777
Song 220,Artist 69,5.02,5.43,8.04,107658
Song 221,Artist 271,5.85,9.89,6.48,148770
Song 222,Artist 221,7.48,6.12,5.28,93676
Song 223,Artist 216,6.41,8.8,8.32,77898
Song 224,Artist 142,8.46,5.31,8.85,67677
Song 225,Artist 52,6.58,9.24,9.89,74462
Song 226,Artist 287,7.61,8.49,5.12,70698
Song 227,Artist 135,5.4,9.86,8.64,75401
Song 228,Artist 38,7.77,9.94,9.4,87313
Song 229,Artist 72,7.99,7.33,9.45,133430
Song 230,Artist 288,5.48,5.95,8.39,110602
Song 231,Artist 171,7.68,7.32,5.34,90801
Song 232,Artist 122,9.26,8.46,5.03,61904
Song 233,Artist 132,7.22,8.73,6.69,146287
Song 234,Artist 12,7.36,5.18,7.1,127330
Song 235,Artist 26,7.33,8.7,9.89,108262
Song 236,Artist 271,7.64,9.78,8.55,84054
Song 237,Artist 256,8.34,9.21,5.6,94851
Song 238,Artist 211,6.4,9.09,6.21,117272
Song 239,Artist 157,7.23,9.97,9.69,62679
Song 240,Artist 298,8.63,7.26,7.16,115747
Song 241,Artist 242,9.61,6.99,7.75,78643
Song 242,Artist 216,5.79,8.05,7.5,68546
Song 243,Artist 161,8.46,6.02,6.42,134002
Song 244,Artist 250,6.74,5.62,5.4,73891
Song 245,Artist 68,6.45,8.26,5.35,144286
Song 246,Artist 29,6.67,9.86,6.7,87763
Song 247,Artist 124,9.43,7.05,5.85,139078
Song 248,Artist 237,5.27,7.11,9.66,114806
Song 249,Artist 14,6.16,8.0,7.79,110179
Song 250,Artist 49,7.22,9.02,5.98,128636
Song 251,Artist 18,6.99,8.37,5.32,129655
Song 252,Artist 298,9.93,9.44,5.68,57786
Song 253,Artist 235,9.84,5.92,6.7,122736
Song 254,Artist 113,7.3,9.5,8.4,65753
Song 255,Artist 138,9.16,6.69,5.3,128426
Song 256,Artist 140,6.47,8.52,5.38,88265
Song 257,Artist 29,6.85,7.27,5.87,127433
Song 258,Artist 207,7.7,5.06,9.35,71657
Song 259,Artist 162,5.47,8.46,6.25,98624
Song 260,Artist 153,6.51,9.97,5.67,138664
Song 261,Artist 230,5.84,5.88,8.49,119893
Song 262,Artist 199,8.93,8.13,6.26,52107
Song 263,Artist 78,5.83,7.99,8.95,106165
Song 264,Artist 251,9.01,7.35,6.1,112457
Song 265,Artist 73,9.01,9.97,7.21,137482
Song 266,Artist 68,8.5,5.21,9.5,120232
Song 267,Artist 188,6.79,8.93,10.0,140520
Song 268,Artist 300,9.9,5.49,9.51,132176
Song 269,Artist 150,7.01,8.74,8.55,64308
Song 270,Artist 166,7.42,8.85,5.13,102404
Song 271,Artist 256,5.58,6.37,6.71,82949
Song 272,Artist 232,7.96,9.71,9.26,68349
Song 273,Artist 113,8.02,7.66,7.23,58359
Song 274,Artist 199,7.07,5.67,7.48,121399
Song 275,Artist 110,9.48,8.7,5.56,149311
Song 276,Artist 50,7.12,9.4,7.83,119194
Song 277,Artist 257,7.36,6.95,8.16,59244
Song 278,Artist 256,7.63,9.04,6.98,107666
Song 279,Artist 143,7.49,9.25,5.01,134891
Song 280,Artist 69,9.39,8.45,7.55,94608
Song 281,Artist 218,7.91,5.48,8.61,91715
Song 282,Artist 261,7.68,5.39,7.3,118810
Song 283,Artist 141,5.49,6.53,6.81,131811
Song 284,Artist 278,6.86,8.21,5.86,140515
Song 285,Artist 203,5.85,6.81,8.04,135285
Song 286,Artist 142,6.45,6.26,9.98,77665
Song 287,Artist 286,6.44,9.12,9.59,144177
Song 288,Artist 224,5.47,8.33,7.22,55940
Song 289,Artist 296,8.29,7.32,9.88,133115
Song 290,Artist 217,5.9,9.64,8.16,119075
Song 291,Artist 40,6.26,5.41,8.58,128292
Song 292,Artist 65,5.57,9.22,9.36,90225
Song 293,Artist 112,5.72,6.63,5.62,86634
Song 294,Artist 274,7.84,7.59,8.86,126557
Song 295,Artist 10,7.95,7.66,8.4,88006
Song 296,Artist 279,7.4,5.05,9.86,59117
Song 297,Artist 168,7.2,6.38,6.74,141926
Song 298,Artist 285,5.6,6.89,7.52,79113
Song 299,Artist 181,7.33,9.98,5.61,111228
Song 300,Artist 283,6.42,5.54,8.83,80597
Song 301,Artist 94,6.73,6.26,7.18,54164
Song 302,Artist 255,8.0,9.59,6.79,105765
Song 303,Artist 190,7.41,8.99,8.98,92444
Song 304,Artist 105,5.46,9.74,9.91,66785
Song 305,Artist 247,5.82,7.95,6.77,137501
Song 306,Artist 286,8.41,9.02,9.16,144159
Song 307,Artist 294,5.73,5.68,5.97,58617
Song 308,Artist 145,8.53,8.01,10.0,106703
Song 309,Artist 176,7.01,8.69,6.24,148974
Song 310,Artist 65,9.79,7.63,6.69,88248
Song 311,Artist 29,7.27,9.63,6.44,114384
Song 312,Artist 36,7.53,6.49,7.81,86431
Song 313,Artist 268,6.32,6.09,8.31,89961
Song 314,Artist 297,5.49,8.1,9.91,118079
Song 315,Artist 274,9.87,7.91,9.64,147100
Song 316,Artist 74,5.06,5.47,7.93,81272
Song 317,Artist 288,5.53,9.73,8.7,69831
Song 318,Artist 84,7.87,6.48,7.86,113841
Song 319,Artist 271,9.15,8.81,9.24,116363
Song 320,Artist 15,8.02,6.36,9.59,70534
Song 321,Artist 230,5.26,9.09,7.75,100800
Song 322,Artist 156,9.06,8.69,5.68,50033
Song 323,Artist 150,7.11,7.29,6.4,54898
Song 324,Artist 189,9.02,8.57,9.6,60500
Song 325,Artist 94,8.11,9.79,6.72,92885
Song 326,Artist 165,5.5,7.78,7.94,121068
Song 327,Artist 50,9.59,8.27,7.68,147422
Song 328,Artist 94,5.77,8.03,8.71,136945
Song 329,Artist 245,6.06,5.26,9.28,103446
Song 330,Artist 299,7.57,8.58,5.56,116763
Song 331,Artist 234,8.77,7.59,9.08,57319
Song 332,Artist 277,8.41,8.22,6.86,95915
Song 333,Artist 185,5.98,9.54,8.27,116674
Song 334,Artist 78,9.34,9.97,7.0,55344
Song 335,Artist 98,9.01,5.91,8.46,96330
Song 336,Artist 237,7.31,7.45,7.1,127493
Song 337,Artist 217,8.13,6.51,8.59,146206
Song 338,Artist 210,7.08,7.93,6.84,105388
Song 339,Artist 31,7.58,8.63,7.98,61870
Song 340,Artist 126,7.42,5.07,6.35,110568
Song 341,Artist 247,8.02,5.85,5.28,108795
Song 342,Artist 282,7.78,7.82,5.7,147938
Song 343,Artist 117,5.19,6.06,7.4,67319
Song 344,Artist 241,7.01,9.58,7.66,107078
Song 345,Artist 70,6.62,8.32,6.69,129815
Song 346,Artist 214,7.05,6.29,8.84,64596
Song 347,Artist 91,6.05,5.33,7.41,124812
Song 348,Artist 132,7.57,5.48,8.32,115411
Song 349,Artist 100,6.73,8.11,8.87,89888
Song 350,Artist 93,9.65,5.69,9.28,114906
Song 351,Artist 234,5.84,7.37,6.54,85129
Song 352,Artist 29,6.67,9.37,5.16,129541
Song 353,Artist 171,9.77,8.19,5.67,75510
Song 354,Artist 154,5.99,9.23,6.13,116270
Song 355,Artist 168,9.05,7.18,6.14,125463
Song 356,Artist 181,8.31,6.0,6.03,141374
Song 357,Artist 71,6.53,8.33,5.84,126548
Song 358,Artist 83,6.58,5.89,6.78,97038
Song 359,Artist 117,7.25,9.99,9.08,112324
Song 360,Artist 139,7.7,8.91,7.75,85940
Song 361,Artist 200,6.81,7.35,7.08,71898
Song 362,Artist 295,8.05,5.55,5.88,72307
Song 363,Artist 178,8.87,9.33,9.62,149145
Song 364,Artist 227,9.06,9.4,8.9,113213
Song 365,Artist 210,9.56,9.75,7.82,85337
Song 366,Artist 46,9.81,7.4,8.26,51900
Song 367,Artist 120,7.77,7.47,9.18,99958
Song 368,Artist 288,5.09,6.37,5.26,142723
Song 369,Artist 108,6.88,9.65,8.88,91633
Song 370,Artist 131,5.12,7.29,7.62,99578
Song 371,Artist 62,9.08,6.3,7.47,112660
Song 372,Artist 110,5.01,6.14,8.06,110291
Song 373,Artist 175,8.84,10.0,9.7,69392
Song 374,Artist 95,7.98,8.11,5.76,122612
Song 375,Artist 269,9.22,7.77,5.69,102290
Song 376,Artist 254,7.87,5.67,5.85,94129
Song 377,Artist 55,5.77,9.74,9.78,124173
Song 378,Artist 281,5.28,5.95,7.97,112578
Song 379,Artist 289,8.75,7.5,5.2,142008
Song 380,Artist 37,6.58,8.75,8.2,99415
Song 381,Artist 269,9.12,5.08,8.22,93066
Song 382,Artist 63,9.56,7.36,5.91,108664
Song 383,Artist 35,7.62,8.67,7.85,80004
Song 384,Artist 144,6.75,8.72,6.52,147040
Song 385,Artist 284,8.49,7.67,7.67,78500
Song 386,Artist 138,7.79,5.78,8.36,146666
Song 387,Artist 135,6.88,8.47,5.28,54029
Song 388,Artist 74,9.89,5.65,5.25,148731
Song 389,Artist 216,8.63,9.73,8.8,116675
Song 390,Artist 189,5.3,5.96,7.14,91199
Song 391,Artist 31,9.91,5.9,5.54,73539
Song 392,Artist 157,6.3,9.61,6.51,108721
Song 393,Artist 198,6.84,5.58,8.09,140912
Song 394,Artist 206,8.86,5.61,8.35,113601
Song 395,Artist 229,7.74,8.14,9.43,57041
Song 396,Artist 136,6.24,5.31,9.79,71418
Song 397,Artist 254,8.18,7.01,6.0,92761
Song 398,Artist 296,6.16,5.85,7.95,112189
Song 399,Artist 115,5.6,5.59,8.01,68296
Song 400,Artist 292,6.45,8.88,9.87,136956
Song 401,Artist 202,9.44,7.09,7.31,91329
Song 402,Artist 290,7.72,9.85,9.21,110924
Song 403,Artist 9,6.58,8.9,8.7,133688
Song 404,Artist 294,5.2,5.64,5.13,52190
Song 405,Artist 14,8.07,9.43,8.9,124031
Song 406,Artist 135,5.44,9.73,8.52,58017
Song 407,Artist 23,7.79,7.74,6.64,60684
Song 408,Artist 80,6.06,9.99,8.68,112334
Song 409,Artist 109,5.87,8.69,6.78,122425
Song 410,Artist 62,7.28,8.85,7.1,79696
Song 411,Artist 225,9.59,8.38,7.93,148618
Song 412,Artist 91,5.73,9.07,5.56,122982
Song 413,Artist 186,9.65,9.73,8.27,107489
Song 414,Artist 147,8.14,9.8,7.03,124223
Song 415,Artist 100,9.06,6.64,8.86,129002
Song 416,Artist 241,9.93,7.06,8.5,74632
Song 417,Artist 22,9.63,6.61,9.42,54010
Song 418,Artist 73,6.33,5.11,9.4,53683
Song 419,Artist 106,8.46,7.96,6.61,96276
Song 420,Artist 76,6.78,6.36,7.55,102721
Song 421,Artist 206,7.63,5.82,9.45,113692
Song 422,Artist 121,5.25,7.07,6.5,133701
Song 423,Artist 204,6.93,6.16,8.73,141764
Song 424,Artist 221,9.63,9.23,8.66,79789
Song 425,Artist 143,8.97,8.42,7.51,59423
Song 426,Artist 206,5.52,9.14,6.08,130174
Song 427,Artist 186,7.19,7.87,7.67,138480
Song 428,Artist 236,8.36,9.35,6.68,92668
Song 429,Artist 247,9.07,8.52,8.82,121811
Song 430,Artist 249,5.51,5.57,8.96,132834
Song 431,Artist 278,9.38,7.79,6.68,128860
Song 432,Artist 190,7.45,8.13,9.74,139812
Song 433,Artist 239,6.17,6.55,9.22,81636
Song 434,Artist 291,7.44,8.47,9.05,94375
Song 435,Artist 214,5.76,8.31,8.21,86428
Song 436,Artist 225,5.06,6.47,6.14,101461
Song 437,Artist 72,8.15,7.37,5.09,103598
Song 438,Artist 233,6.97,7.28,7.57,82416
Song 439,Artist 189,7.89,7.8,6.52,56372
Song 440,Artist 230,9.88,5.14,9.81,142558
Song 441,Artist 156,9.95,6.51,5.28,54792
Song 442,Artist 190,5.86,6.65,9.1,59239
Song 443,Artist 248,8.38,8.84,8.33,79634
Song 444,Artist 209,8.49,8.98,9.01,106830
Song 445,Artist 40,6.59,6.35,5.55,138464
Song 446,Artist 34,5.32,8.37,6.62,114282
Song 447,Artist 79,8.36,7.52,9.76,149778
Song 448,Artist 22,9.12,6.66,7.99,121739
Song 449,Artist 117,6.88,9.3,5.65,106452
Song 450,Artist 16,8.6,8.43,8.05,74676
Song 451,Artist 264,6.05,5.73,7.69,65786
Song 452,Artist 205,7.69,7.11,7.12,77117
Song 453,Artist 184,6.04,7.2,6.71,138159
Song 454,Artist 299,8.31,7.89,7.25,87515
Song 455,Artist 94,9.1,7.5,5.12,64697
Song 456,Artist 252,5.14,8.02,8.38,59549
Song 457,Artist 18,6.36,9.4,8.66,85687
Song 458,Artist 154,8.71,5.04,5.24,57678
Song 459,Artist 123,7.05,8.6,8.58,117785
Song 460,Artist 179,8.74,9.29,7.71,85798
Song 461,Artist 126,7.52,9.06,8.83,139558
Song 462,Artist 103,7.18,8.2,6.86,94044
Song 463,Artist 235,9.13,6.17,6.12,90683
Song 464,Artist 77,5.08,7.79,9.4,128800
Song 465,Artist 282,6.11,8.33,9.5,84853
Song 466,Artist 228,6.91,5.12,6.03,105115
Song 467,Artist 179,6.14,7.37,8.32,109099
Song 468,Artist 4,8.32,6.27,9.46,65178
Song 469,Artist 244,6.23,6.43,6.98,144567
Song 470,Artist 216,9.33,5.63,7.33,100263
Song 471,Artist 251,9.34,8.92,6.24,111454
Song 472,Artist 264,6.13,6.82,7.69,102615
Song 473,Artist 232,9.19,6.58,6.32,115712
Song 474,Artist 112,9.29,5.27,5.71,144736
Song 475,Artist 100,7.6,5.18,9.85,132758
Song 476,Artist 215,8.58,5.56,9.79,55682
Song 477,Artist 71,7.44,5.49,8.56,122820
Song 478,Artist 39,6.84,5.64,9.82,106633
Song 479,Artist 159,5.03,5.41,8.15,70702
Song 480,Artist 82,9.05,6.77,7.98,120766
Song 481,Artist 200,5.77,6.19,6.91,58222
Song 482,Artist 146,5.05,8.2,7.14,74173
Song 483,Artist 236,8.49,7.97,5.04,107352
Song 484,Artist 83,6.47,5.72,9.49,101659
Song 485,Artist 222,5.25,8.98,6.22,93611
Song 486,Artist 81,5.11,6.27,8.98,102051
Song 487,Artist 157,5.17,8.56,6.12,139565
Song 488,Artist 273,9.99,5.19,7.94,112037
Song 489,Artist 42,9.77,8.9,8.68,59152
Song 490,Artist 197,8.87,8.55,5.2,108419
Song 491,Artist 110,9.23,6.41,6.25,91428
Song 492,Artist 273,6.74,6.29,8.25,60432
Song 493,Artist 40,7.07,7.66,5.86,139640
Song 494,Artist 186,6.15,8.77,8.74,54793
Song 495,Artist 63,6.47,8.7,5.38,73915
Song 496,Artist 253,5.3,7.34,8.07,131804
Song 497,Artist 11,7.12,8.19,6.59,88866
Song 498,Artist 2,8.84,6.09,7.57,55355
Song 499,Artist 9,9.47,6.11,6.57,109076
Song 500,Artist 176,5.51,8.89,5.67,117579
Song 501,Artist 260,9.16,9.17,5.47,124672
Song 502,Artist 156,6.57,6.67,5.7,135028
Song 503,Artist 42,9.31,7.89,7.82,111117
Song 504,Artist 20,5.44,5.99,9.59,71759
Song 505,Artist 241,6.33,5.67,7.76,82936
Song 506,Artist 50,9.36,5.67,6.6,56892
Song 507,Artist 200,8.19,7.42,7.99,127982
Song 508,Artist 258,8.6,9.8,9.12,105373
Song 509,Artist 286,6.66,9.49,9.3,131110
Song 510,Artist 95,8.47,5.55,8.47,113978
Song 511,Artist 32,7.7,8.37,6.92,124520
Song 512,Artist 12,6.87,6.84,9.11,104977
Song 513,Artist 281,6.2,9.23,6.85,67420
Song 514,Artist 182,5.18,9.19,6.01,77330
Song 515,Artist 100,8.24,7.51,9.32,64314
Song 516,Artist 25,6.36,8.68,5.66,147802
Song 517,Artist 39,5.4,5.34,5.71,149718
Song 518,Artist 75,7.62,6.7,5.41,141771
Song 519,Artist 242,5.39,6.63,8.93,73757
Song 520,Artist 97,6.99,5.74,6.17,120694
Song 521,Artist 27,9.14,9.93,6.07,58563
Song 522,Artist 193,9.57,7.62,9.27,68495
Song 523,Artist 291,9.16,6.21,5.36,58854
Song 524,Artist 168,9.58,8.18,9.3,85463
Song 525,Artist 170,8.98,5.88,6.83,119145
Song 526,Artist 113,6.23,5.64,9.02,58612
Song 527,Artist 227,9.6,9.29,7.28,139113
Song 528,Artist 214,6.13,9.31,5.62,110081
Song 529,Artist 46,7.4,6.62,6.81,112170
Song 530,Artist 43,8.62,5.68,5.31,60040
Song 531,Artist 36,5.15,6.12,6.43,55640
Song 532,Artist 69,9.8,9.75,6.7,139233
Song 533,Artist 246,7.61,6.3,5.94,69996
Song 534,Artist 223,9.96,8.19,5.56,132739
Song 535,Artist 126,8.31,5.16,9.09,93050
Song 536,Artist 155,6.44,8.0,8.78,59778
Song 537,Artist 35,9.24,8.65,9.83,85290
Song 538,Artist 33,8.99,6.82,9.67,147388
Song 539,Artist 20,7.04,6.61,7.64,78277
Song 540,Artist 283,5.77,6.64,6.09,70704
Song 541,Artist 248,9.04,8.99,7.87,71188
Song 542,Artist 158,6.86,9.04,6.54,90478
Song 543,Artist 146,5.54,9.2,6.11,115373
Song 544,Artist 16,7.23,9.16,8.61,116161
Song 545,Artist 6,8.54,8.13,6.41,58613
Song 546,Artist 201,8.22,5.21,8.48,83007
Song 547,Artist 248,5.57,5.63,8.89,78347
Song 548,Artist 226,7.46,5.63,7.18,76497
Song 549,Artist 135,7.54,7.39,9.31,131569
Song 550,Artist 52,6.01,5.58,5.63,76335
Song 551,Artist 208,6.7,9.32,8.5,110821
Song 552,Artist 73,5.82,7.2,6.42,118911
Song 553,Artist 202,7.83,5.01,7.68,129193
Song 554,Artist 65,6.66,9.0,9.7,112926
Song 555,Artist 273,9.79,7.27,8.87,142042
Song 556,Artist 217,9.25,7.58,5.16,113355
Song 557,Artist 295,6.9,6.01,7.57,60593
Song 558,Artist 229,7.06,8.08,6.75,64101
Song 559,Artist 273,9.16,8.66,7.03,117461
Song 560,Artist 153,6.32,5.32,9.11,123170
Song 561,Artist 260,6.64,7.86,8.12,64693
Song 562,Artist 284,6.67,9.32,6.55,51155
Song 563,Artist 87,6.14,8.5,7.06,146082
Song 564,Artist 57,6.25,6.75,8.23,138503
Song 565,Artist 28,8.95,8.98,6.94,53606
Song 566,Artist 176,6.23,8.5,7.48,50134
Song 567,Artist 255,6.44,9.61,8.25,60992
Song 568,Artist 30,7.8,8.31,6.86,80808
Song 569,Artist 116,6.29,8.25,9.43,58989
Song 570,Artist 73,5.12,7.4,6.99,52944
Song 571,Artist 53,7.32,8.37,8.27,93920
Song 572,Artist 285,5.02,7.85,10.0,80975
Song 573,Artist 133,6.28,8.28,5.27,81892
Song 574,Artist 181,9.15,8.8,6.02,108083
Song 575,Artist 136,8.67,9.05,6.63,146403
Song 576,Artist 138,7.4,8.87,8.4,131168
Song 577,Artist 52,7.38,8.41,6.14,77123
Song 578,Artist 28,7.27,7.06,6.91,110730
Song 579,Artist 149,8.24,8.66,9.9,99734
Song 580,Artist 288,8.96,8.77,7.71,144001
Song 581,Artist 230,6.53,9.41,9.71,52953
Song 582,Artist 199,6.1,5.46,8.2,63281
Song 583,Artist 270,7.55,6.87,6.95,95975
Song 584,Artist 296,7.61,5.02,6.79,128723
Song 585,Artist 159,5.22,7.82,9.27,144015
Song 586,Artist 11,6.41,7.13,6.32,85136
Song 587,Artist 88,5.05,8.63,5.93,58360
Song 588,Artist 165,5.2,6.45,9.59,139428
Song 589,Artist 268,5.18,9.77,5.34,124017
Song 590,Artist 89,9.27,5.45,8.35,119891
Song 591,Artist 152,7.21,8.12,9.98,92420
Song 592,Artist 72,6.09,9.77,8.41,129563
Song 593,Artist 230,8.85,5.27,7.68,106441
Song 594,Artist 145,5.21,9.56,8.8,55918
Song 595,Artist 61,8.69,9.05,9.15,84273
Song 596,Artist 206,5.41,9.77,9.48,64896
Song 597,Artist 245,7.37,6.37,6.03,79398
Song 598,Artist 87,5.96,7.17,8.23,95949
Song 599,Artist 260,7.07,7.65,8.97,55128
Song 600,Artist 183,7.26,8.83,6.2,53077
Song 601,Artist 234,7.27,5.95,5.77,111243
Song 602,Artist 23,8.24,5.49,6.35,53761
Song 603,Artist 200,7.01,8.28,8.25,88680
Song 604,Artist 243,9.36,9.84,9.5,80399
Song 605,Artist 213,9.11,8.51,7.41,126160
Song 606,Artist 242,6.8,9.57,5.71,84046
Song 607,Artist 24,5.71,8.21,6.43,96124
Song 608,Artist 140,8.57,7.92,8.61,133737
Song 609,Artist 196,5.88,8.56,7.18,66808
Song 610,Artist 134,6.9,8.17,9.69,86276
Song 611,Artist 117,9.43,9.9,9.24,80355
Song 612,Artist 245,6.21,9.95,9.36,62299
Song 613,Artist 114,7.87,5.81,9.15,56980
Song 614,Artist 88,9.02,8.45,7.38,135084
Song 615,Artist 299,6.14,7.05,8.85,63130
Song 616,Artist 292,8.7,6.56,8.17,96315
Song 617,Artist 291,7.89,6.72,9.56,133716
Song 618,Artist 125,8.49,7.41,8.55,81015
Song 619,Artist 75,8.98,9.46,7.36,132812
Song 620,Artist 152,8.09,8.36,5.18,89282
Song 621,Artist 137,9.31,5.93,7.75,124377
Song 622,Artist 24,5.24,7.15,7.97,148674
Song 623,Artist 152,8.39,8.33,6.2,84866
Song 624,Artist 38,7.1,9.44,6.37,131972
Song 625,Artist 111,7.83,8.52,5.43,111630
Song 626,Artist 173,6.3,9.5,5.81,121605
Song 627,Artist 253,9.29,9.27,8.43,79507
Song 628,Artist 189,7.45,8.06,5.73,143536
Song 629,Artist 45,5.63,8.4,9.84,149508
Song 630,Artist 147,6.27,7.48,9.21,141963
Song 631,Artist 273,7.39,5.97,9.25,128396
Song 632,Artist 116,8.91,7.45,8.59,131461
Song 633,Artist 263,9.34,8.75,7.03,76604
Song 634,Artist 173,7.95,5.73,6.99,78387
Song 635,Artist 80,6.21,5.13,9.63,106498
Song 636,Artist 143,6.14,7.92,5.56,108116
Song 637,Artist 286,5.16,5.05,9.6,56191
Song 638,Artist 165,8.02,8.44,7.23,135384
Song 639,Artist 45,9.64,5.82,6.24,144353
Song 640,Artist 158,6.8,6.95,8.48,96981
Song 641,Artist 3,7.63,8.29,8.27,141165
Song 642,Artist 140,6.23,8.34,5.08,107763
Song 643,Artist 68,5.2,8.64,6.55,55756
Song 644,Artist 123,8.56,9.07,8.3,113416
Song 645,Artist 175,7.77,9.86,7.91,132205
Song 646,Artist 280,7.75,8.43,6.39,108484
Song 647,Artist 86,6.23,5.43,5.54,113156
Song 648,Artist 231,6.49,9.48,7.24,141718
Song 649,Artist 21,5.53,6.38,6.45,88711
Song 650,Artist 292,9.09,8.63,8.88,76186
Song 651,Artist 112,6.27,8.89,6.35,85889
Song 652,Artist 101,8.43,9.98,9.62,52524
Song 653,Artist 87,5.95,6.61,8.99,98316
Song 654,Artist 11,9.28,6.68,5.31,61872
Song 655,Artist 48,9.85,9.49,8.06,107459
Song 656,Artist 7,9.98,5.61,8.42,62420
Song 657,Artist 132,5.74,9.99,6.4,133067
Song 658,Artist 190,8.03,8.61,6.34,145408
Song 659,Artist 233,9.92,7.68,8.65,131412
Song 660,Artist 68,6.79,7.56,8.55,70763
Song 661,Artist 1,9.62,6.1,8.5,53277
Song 662,Artist 20,5.17,5.87,8.82,119099
Song 663,Artist 174,5.46,5.53,9.73,80501
Song 664,Artist 68,5.72,9.87,8.48,58121
Song 665,Artist 283,8.95,7.74,5.7,96248
Song 666,Artist 20,8.89,5.37,9.16,71008
Song 667,Artist 127,9.21,5.32,5.51,134207
Song 668,Artist 153,7.48,7.68,9.42,58446
Song 669,Artist 5,7.47,5.17,6.24,136943
Song 670,Artist 224,7.76,9.84,5.03,90721
Song 671,Artist 180,9.5,7.96,6.2,143092
Song 672,Artist 268,5.96,7.25,7.14,125114
Song 673,Artist 216,9.67,6.63,9.29,79883
Song 674,Artist 292,8.87,9.29,7.44,130396
Song 675,Artist 20,5.74,8.66,6.65,129347
Song 676,Artist 125,8.81,5.07,7.56,83645
Song 677,Artist 264,7.69,9.47,6.19,106773
Song 678,Artist 281,9.37,7.31,6.62,61560
Song 679,Artist 192,8.93,5.8,8.16,73166
Song 680,Artist 32,9.14,7.61,7.42,119276
Song 681,Artist 238,9.31,6.21,5.56,54385
Song 682,Artist 149,5.49,5.56,8.31,107863
Song 683,Artist 141,5.52,8.42,9.36,74340
Song 684,Artist 219,6.31,7.73,7.43,140213
Song 685,Artist 229,5.53,9.56,8.76,103952
Song 686,Artist 120,6.34,6.79,8.0,54882
Song 687,Artist 15,7.17,7.39,8.01,126887
Song 688,Artist 31,9.57,7.62,8.3,82703
Song 689,Artist 286,9.04,6.46,8.39,113986
Song 690,Artist 286,7.85,9.97,7.81,55756
Song 691,Artist 77,9.86,5.29,5.64,125773
Song 692,Artist 79,5.08,6.18,7.96,118368
Song 693,Artist 106,7.24,9.86,9.87,146661
Song 694,Artist 179,5.35,7.07,7.12,89116
Song 695,Artist 298,7.07,5.72,6.88,80683
Song 696,Artist 262,6.09,9.7,9.9,68276
Song 697,Artist 66,6.06,8.02,8.22,130927
Song 698,Artist 159,6.13,6.81,6.54,112322
Song 699,Artist 254,5.04,7.89,6.98,79923
Song 700,Artist 181,7.97,6.61,7.58,134193
Song 701,Artist 88,9.39,7.96,8.05,100001
Song 702,Artist 177,5.65,8.26,6.75,117238
Song 703,Artist 9,8.49,7.26,9.63,74734
Song 704,Artist 9,8.25,8.25,6.45,124387
Song 705,Artist 228,5.51,5.24,9.69,93758
Song 706,Artist 24,9.18,7.67,7.94,101791
Song 707,Artist 277,6.87,8.58,6.35,125243
Song 708,Artist 238,9.79,5.13,9.89,99783
Song 709,Artist 15,8.14,6.76,6.74,65401
Song 710,Artist 22,7.39,6.08,8.49,81381
Song 711,Artist 148,5.86,7.39,5.62,143896
Song 712,Artist 74,9.25,6.2,8.62,57021
Song 713,Artist 50,9.17,8.1,8.1,76019
Song 714,Artist 58,8.67,5.11,5.09,56849
Song 715,Artist 142,7.75,8.13,9.27,63027
Song 716,Artist 221,5.52,7.64,5.27,76774
Song 717,Artist 65,9.59,9.07,5.2,70937
Song 718,Artist 184,7.32,8.32,5.19,64507
Song 719,Artist 165,7.81,6.29,6.84,126105
Song 720,Artist 272,6.1,8.35,9.42,144892
Song 721,Artist 71,5.22,6.4,5.96,146725
Song 722,Artist 124,8.75,5.54,5.03,131523
Song 723,Artist 139,8.52,9.52,9.68,85700
Song 724,Artist 18,6.63,6.95,7.06,71103
Song 725,Artist 198,8.18,8.04,7.49,134567
Song 726,Artist 169,9.59,9.26,5.48,135783
Song 727,Artist 269,5.5,5.6,7.89,131975
Song 728,Artist 153,8.22,6.29,6.85,79325
Song 729,Artist 198,5.28,5.71,6.73,126335
Song 730,Artist 181,8.88,6.14,6.63,129686
Song 731,Artist 70,5.51,8.51,7.25,124815
Song 732,Artist 194,6.28,7.01,7.77,139676
Song 733,Artist 197,7.38,9.86,7.96,90178
Song 734,Artist 251,6.62,9.5,7.04,124766
Song 735,Artist 234,9.5,8.64,9.43,92534
Song 736,Artist 35,8.51,9.61,5.38,134366
Song 737,Artist 155,6.56,6.13,9.82,148226
Song 738,Artist 153,6.2,9.0,8.11,120626
Song 739,Artist 189,8.43,6.61,6.98,54378
Song 740,Artist 38,7.85,9.57,5.61,146689
Song 741,Artist 138,9.07,6.26,9.61,86918
Song 742,Artist 156,6.3,8.16,9.2,110679
Song 743,Artist 200,5.42,8.72,7.37,73331
Song 744,Artist 143,9.18,6.47,7.31,137083
Song 745,Artist 198,9.72,7.71,6.88,140501
Song 746,Artist 163,7.41,8.78,5.0,138763
Song 747,Artist 160,7.17,7.8,6.46,141637
Song 748,Artist 62,6.94,5.98,5.99,116487
Song 749,Artist 83,8.28,5.77,8.17,109181
Song 750,Artist 149,5.86,6.57,8.47,62400
Song 751,Artist 20,8.98,6.85,9.46,130226
Song 752,Artist 113,5.84,8.22,9.74,79564
Song 753,Artist 260,8.48,8.68,9.28,91437
Song 754,Artist 282,5.35,7.71,7.75,57305
Song 755,Artist 217,9.95,8.86,9.22,65225
Song 756,Artist 139,9.83,7.96,6.31,91958
Song 757,Artist 210,6.35,6.04,7.47,73621
Song 758,Artist 196,7.83,6.07,6.21,63400
Song 759,Artist 256,7.57,7.51,9.87,148248
Song 760,Artist 20,9.38,7.08,5.11,51341
Song 761,Artist 185,9.75,9.79,9.27,145180
Song 762,Artist 22,7.6,8.74,5.23,114959
Song 763,Artist 70,6.88,8.33,7.71,142277
Song 764,Artist 97,7.73,5.75,6.75,125884
Song 765,Artist 60,8.32,5.88,5.82,95522
Song 766,Artist 207,5.98,8.28,8.48,51989
Song 767,Artist 283,9.88,9.47,7.93,139838
Song 768,Artist 274,9.73,5.13,7.46,77254
Song 769,Artist 88,5.05,8.7,5.93,86489
Song 770,Artist 114,7.36,6.51,9.79,145571
Song 771,Artist 271,8.79,9.01,8.3,70350
Song 772,Artist 268,7.46,5.83,9.08,105212
Song 773,Artist 170,6.81,8.87,5.96,67068
Song 774,Artist 291,8.71,6.16,5.2,137457
Song 775,Artist 276,6.04,8.31,6.64,50826
Song 776,Artist 128,7.7,7.04,7.55,83914
Song 777,Artist 238,5.87,7.11,6.28,118512
Song 778,Artist 152,8.04,6.2,5.44,82459
Song 779,Artist 161,8.79,9.9,7.24,108951
Song 780,Artist 131,6.46,7.53,7.04,53675
Song 781,Artist 5,5.85,9.57,7.7,111304
Song 782,Artist 35,7.14,6.92,6.67,111253
Song 783,Artist 123,7.36,9.31,9.53,133313
Song 784,Artist 78,6.96,7.37,6.16,138926
Song 785,Artist 175,6.5,9.07,5.29,61649
Song 786,Artist 1,6.43,6.78,9.19,114987
Song 787,Artist 160,6.42,5.27,8.99,105245
Song 788,Artist 92,7.33,8.93,7.63,123247
Song 789,Artist 6,9.39,5.37,9.94,110670
Song 790,Artist 164,5.48,9.67,5.94,98459
Song 791,Artist 247,5.9,5.73,5.96,146363
Song 792,Artist 253,6.86,9.35,5.86,149900
Song 793,Artist 35,5.82,6.32,9.4,92692
Song 794,Artist 98,7.37,5.97,5.19,61631
Song 795,Artist 258,8.1,8.94,9.24,124337
Song 796,Artist 17,6.34,9.95,6.94,149796
Song 797,Artist 261,5.29,6.11,5.06,127526
Song 798,Artist 24,7.12,7.08,10.0,99704
Song 799,Artist 157,5.84,9.55,7.75,81845
Song 800,Artist 300,5.4,7.12,9.03,60223
Song 801,Artist 213,8.96,5.35,6.41,120350
Song 802,Artist 261,6.5,7.02,5.71,94605
Song 803,Artist 45,9.76,8.41,5.79,81172
Song 804,Artist 180,9.08,9.21,9.65,144808
Song 805,Artist 236,9.51,9.82,8.66,90885
Song 806,Artist 85,9.83,7.45,8.57,96923
Song 807,Artist 225,8.16,8.3,6.76,138376
Song 808,Artist 35,7.93,8.33,7.44,76576
Song 809,Artist 97,9.52,9.29,8.07,98357
Song 810,Artist 37,9.1,6.96,9.15,95864
Song 811,Artist 222,8.95,9.13,9.7,55229
Song 812,Artist 254,8.48,7.75,6.73,61015
Song 813,Artist 260,6.33,8.31,7.0,97855
Song 814,Artist 52,7.56,6.58,8.68,74284
Song 815,Artist 223,7.07,6.54,6.31,114377
Song 816,Artist 18,6.72,8.61,7.15,108021
Song 817,Artist 165,5.58,8.83,5.12,69711
Song 818,Artist 271,8.42,6.93,7.34,135721
Song 819,Artist 97,7.43,8.49,8.83,69377
Song 820,Artist 258,6.88,9.3,9.35,106217
Song 821,Artist 34,7.18,7.08,7.48,107422
Song 822,Artist 160,9.11,8.02,7.48,149210
Song 823,Artist 196,5.87,8.46,6.13,141548
Song 824,Artist 82,6.47,5.33,7.16,68238
Song 825,Artist 283,5.76,7.65,9.65,108993
Song 826,Artist 157,8.76,6.42,5.54,133955
Song 827,Artist 187,7.35,5.67,5.74,67119
Song 828,Artist 269,6.44,7.49,7.57,82979
Song 829,Artist 112,7.86,8.0,9.12,117646
Song 830,Artist 288,9.97,9.0,8.96,80081
Song 831,Artist 237,8.66,9.61,5.91,71584
Song 832,Artist 108,5.63,8.69,8.62,80696
Song 833,Artist 288,9.05,5.92,5.37,69249
Song 834,Artist 96,6.91,9.89,7.45,97007
Song 835,Artist 16,6.52,5.62,5.14,93219
Song 836,Artist 59,8.96,5.12,9.0,93081
Song 837,Artist 10,9.86,5.86,5.89,88564
Song 838,Artist 9,6.82,6.26,8.19,95752
Song 839,Artist 175,8.9,8.09,5.34,116013
Song 840,Artist 200,5.53,5.11,8.31,102399
Song 841,Artist 94,7.99,7.61,9.1,76917
Song 842,Artist 48,5.65,6.44,7.57,64421
Song 843,Artist 59,7.28,7.87,8.1,97913
Song 844,Artist 75,8.87,6.41,5.27,93165
Song 845,Artist 267,9.7,9.69,9.59,99471
Song 846,Artist 189,5.75,7.62,7.84,61483
Song 847,Artist 35,7.04,7.82,6.59,109557
Song 848,Artist 270,9.99,8.59,8.51,127190
Song 849,Artist 21,9.95,7.47,7.58,57954
Song 850,Artist 216,6.12,7.21,6.88,137309
Song 851,Artist 112,7.75,7.11,8.04,145452
Song 852,Artist 41,6.41,8.44,9.1,135716
Song 853,Artist 275,5.58,8.55,9.28,98763
Song 854,Artist 35,6.81,6.88,6.25,149650
Song 855,Artist 152,5.38,6.94,9.05,104434
Song 856,Artist 18,9.56,8.54,7.21,59392
Song 857,Artist 52,7.24,8.4,8.89,72120
Song 858,Artist 190,9.41,9.59,5.83,139960
Song 859,Artist 55,9.28,9.61,6.55,72753
Song 860,Artist 254,5.9,7.88,8.2,120138
Song 861,Artist 9,9.2,7.33,9.02,60619
Song 862,Artist 42,5.61,9.65,6.23,99426
Song 863,Artist 41,7.89,5.38,9.16,54617
Song 864,Artist 104,8.76,5.72,8.86,126879
Song 865,Artist 50,5.88,8.6,6.12,88325
Song 866,Artist 268,6.23,6.37,5.82,56458
Song 867,Artist 240,7.65,5.39,9.87,126670
Song 868,Artist 246,8.47,7.11,5.95,112425
Song 869,Artist 210,6.72,7.58,8.64,148533
Song 870,Artist 273,9.68,5.02,8.4,103203
Song 871,Artist 293,7.06,5.21,6.73,66449
Song 872,Artist 268,5.47,8.16,7.72,142592
Song 873,Artist 98,7.61,8.83,5.81,83861
Song 874,Artist 149,8.19,8.88,8.05,130718
Song 875,Artist 30,8.93,6.86,9.55,80973
Song 876,Artist 76,7.18,5.87,7.11,140264
Song 877,Artist 141,5.45,8.79,9.82,69907
Song 878,Artist 68,9.73,6.32,7.72,134697
Song 879,Artist 215,9.62,6.24,8.38,56453
Song 880,Artist 256,7.29,6.39,8.49,58995
Song 881,Artist 179,7.95,5.82,9.9,123631
Song 882,Artist 23,6.6,8.44,5.18,117236
Song 883,Artist 42,5.52,7.85,8.71,84541
Song 884,Artist 72,5.03,7.14,9.34,59608
Song 885,Artist 20,9.41,9.01,6.79,94299
Song 886,Artist 103,9.19,6.13,5.6,105003
Song 887,Artist 71,9.91,8.78,9.48,120095
Song 888,Artist 60,6.15,7.65,7.14,109468
Song 889,Artist 163,9.96,8.36,8.26,142286
Song 890,Artist 257,8.82,9.43,8.88,126295
Song 891,Artist 149,8.41,9.83,6.34,138750
Song 892,Artist 73,8.3,8.65,8.94,109435
Song 893,Artist 227,9.66,5.67,5.9,71480
Song 894,Artist 134,5.37,8.49,8.1,54884
Song 895,Artist 258,5.68,6.99,7.46,121245
Song 896,Artist 36,9.24,7.99,7.86,54157
Song 897,Artist 115,7.36,8.75,9.04,83681
Song 898,Artist 58,7.91,8.37,7.28,56587
Song 899,Artist 286,9.81,5.29,5.62,135595
Song 900,Artist 59,8.53,6.71,7.56,143161
Song 901,Artist 169,6.05,9.45,5.59,123502
Song 902,Artist 153,7.8,6.53,8.47,88357
Song 903,Artist 15,9.47,7.63,9.03,122276
Song 904,Artist 186,7.58,8.33,6.28,130662
Song 905,Artist 206,5.46,9.61,7.88,52719
Song 906,Artist 75,7.68,5.05,9.79,78734
Song 907,Artist 87,9.65,9.24,7.49,139858
Song 908,Artist 231,5.8,9.52,6.66,125565
Song 909,Artist 224,7.9,6.99,9.21,123357
Song 910,Artist 229,5.66,7.07,5.86,91067
Song 911,Artist 120,5.49,8.95,5.29,99461
Song 912,Artist 1,6.72,6.82,6.66,61289
Song 913,Artist 28,7.52,5.27,8.75,95309
Song 914,Artist 293,7.89,8.87,8.13,107229
Song 915,Artist 48,7.67,8.1,6.08,73476
Song 916,Artist 80,6.08,7.21,7.76,80373
Song 917,Artist 198,9.95,6.56,6.03,85411
Song 918,Artist 26,5.6,8.16,9.02,72151
Song 919,Artist 228,9.75,6.46,8.01,69109
Song 920,Artist 217,5.1,5.71,9.09,133652
Song 921,Artist 189,5.69,6.96,9.06,111449
Song 922,Artist 103,9.61,8.55,9.73,140456
Song 923,Artist 82,9.0,6.1,5.6,94976
Song 924,Artist 213,5.78,7.11,9.41,99374
Song 925,Artist 184,7.4,9.3,8.38,87222
Song 926,Artist 295,6.21,9.74,8.96,135179
Song 927,Artist 2,7.72,9.11,5.28,134106
Song 928,Artist 99,9.49,7.81,7.91,95587
Song 929,Artist 247,8.48,8.49,6.41,146428
Song 930,Artist 61,8.7,9.36,9.43,123244
Song 931,Artist 114,7.4,9.4,8.08,63279
Song 932,Artist 174,6.87,10.0,9.01,146878
Song 933,Artist 219,5.61,5.69,9.6,67182
Song 934,Artist 259,9.82,8.47,5.91,62898
Song 935,Artist 81,8.45,6.14,7.22,76697
Song 936,Artist 95,5.22,9.71,7.04,148773
Song 937,Artist 245,7.67,7.65,6.1,76718
Song 938,Artist 95,9.45,8.48,6.7,80424
Song 939,Artist 40,6.11,5.28,5.19,111795
Song 940,Artist 283,8.08,7.62,9.7,104233
Song 941,Artist 152,5.15,7.88,9.73,75376
Song 942,Artist 105,6.99,8.76,6.0,135701
Song 943,Artist 241,8.56,6.33,5.91,147002
Song 944,Artist 204,6.69,6.72,9.46,75659
Song 945,Artist 4,5.33,5.18,6.6,126829
Song 946,Artist 96,7.16,9.69,6.75,79073
Song 947,Artist 87,6.75,5.71,7.87,97264
Song 948,Artist 266,6.01,7.79,8.24,131868
Song 949,Artist 153,6.4,6.74,9.05,131959
Song 950,Artist 113,9.72,5.46,7.25,119280
Song 951,Artist 202,7.57,9.38,9.31,80637
Song 952,Artist 187,6.23,8.62,5.15,52584
Song 953,Artist 193,7.84,5.17,5.7,64385
Song 954,Artist 96,6.34,8.14,7.9,108928
Song 955,Artist 18,5.45,7.37,7.19,53369
Song 956,Artist 85,6.13,7.51,8.77,143452
Song 957,Artist 39,6.52,8.33,9.8,136415
Song 958,Artist 248,9.14,8.0,6.26,65750
Song 959,Artist 229,5.56,5.77,6.2,148095
Song 960,Artist 140,7.13,9.03,6.89,126731
Song 961,Artist 80,7.29,9.3,7.41,143657
Song 962,Artist 216,6.71,6.51,9.89,64972
Song 963,Artist 37,8.85,6.73,7.9,54911
Song 964,Artist 128,7.38,9.96,7.89,112381
Song 965,Artist 274,7.09,8.55,7.44,123749
Song 966,Artist 203,7.9,6.07,5.25,145756
Song 967,Artist 95,9.86,5.63,6.78,123773
Song 968,Artist 103,5.45,7.54,5.09,69830
Song 969,Artist 265,7.94,7.93,7.57,122063
Song 970,Artist 169,9.03,7.37,8.19,54912
Song 971,Artist 279,6.16,7.13,8.25,104394
Song 972,Artist 173,6.64,5.72,6.22,131187
Song 973,Artist 238,9.84,6.52,5.51,134180
Song 974,Artist 115,6.51,9.36,5.01,126042
Song 975,Artist 55,6.73,7.04,8.49,81738
Song 976,Artist 9,8.33,8.07,5.15,69730
Song 977,Artist 291,9.59,5.59,9.74,114094
Song 978,Artist 61,6.75,5.54,5.58,79873
Song 979,Artist 170,5.59,5.58,7.54,133364
Song 980,Artist 161,9.85,8.91,5.75,130534
Song 981,Artist 116,6.95,8.33,9.3,149361
Song 982,Artist 166,5.19,8.53,8.54,91923
Song 983,Artist 17,6.98,8.89,6.19,86897
Song 984,Artist 107,8.77,8.35,6.77,112745
Song 985,Artist 17,8.44,6.37,5.18,149994
Song 986,Artist 289,5.06,9.51,5.32,118151
Song 987,Artist 7,9.9,7.08,7.03,133205
Song 988,Artist 61,6.66,8.24,8.27,139185
Song 989,Artist 202,8.17,7.36,5.95,88508
Song 990,Artist 208,5.06,8.76,9.6,64802
Song 991,Artist 212,8.1,7.92,7.43,128322
Song 992,Artist 83,5.65,9.1,6.4,74320
Song 993,Artist 215,5.74,6.11,8.25,53803
Song 994,Artist 55,8.46,9.22,5.86,131058
Song 995,Artist 23,8.22,6.19,5.7,69348
Song 996,Artist 106,5.56,7.72,6.46,84191
Song 997,Artist 173,7.29,6.9,6.88,72350
Song 998,Artist 218,6.4,7.1,8.73,135608
Song 999,Artist 77,6.86,8.24,7.48,107026
Song 1000,Artist 99,8.41,9.46,7.38,99385
